{
    "cameras": [
        {
            "id": "14683651-f068-455c-b0ce-85464413ded8",
            "type": "rgb",
            "calibration_source": 0,
            "camera_matrix": [
                [
                    634.0874169990686,
                    0.0,
                    319.5
                ],
                [
                    0.0,
                    634.1371096983811,
                    239.5
                ],
                [
                    0.0,
                    0.0,
                    1.0
                ]
            ],
            "optimal_camera_matrix": [
                [
                    639.6435546875,
                    0.0,
                    315.7100511419412
                ],
                [
                    0.0,
                    637.03759765625,
                    240.11334074876504
                ],
                [
                    0.0,
                    0.0,
                    1.0
                ]
            ],
            "roi": [
                2,
                3,
                636,
                473
            ],
            "distortion": [
                [
                    0.09240810087456976,
                    -0.22683709805053998,
                    0.0027941816075913355,
                    -0.00622720184088312,
                    0.19846624292734696
                ]
            ],
            "rvecs": [
                [
                    [
                        -0.12393341985046459
                    ],
                    [
                        -0.4517211037838991
                    ],
                    [
                        -3.084970523712305
                    ]
                ],
                [
                    [
                        0.011483309106755863
                    ],
                    [
                        -0.35466591795620994
                    ],
                    [
                        -2.5466908211327146
                    ]
                ],
                [
                    [
                        -0.1803256946878078
                    ],
                    [
                        0.5046616277114071
                    ],
                    [
                        2.9111239959475164
                    ]
                ],
                [
                    [
                        -0.10535088186332536
                    ],
                    [
                        0.5411087174785139
                    ],
                    [
                        2.860714806240998
                    ]
                ],
                [
                    [
                        -0.06900764453179246
                    ],
                    [
                        -0.8314025076150438
                    ],
                    [
                        -2.8885082065970233
                    ]
                ],
                [
                    [
                        -0.4976846057845723
                    ],
                    [
                        -0.7846074741540829
                    ],
                    [
                        -2.4781159360417804
                    ]
                ],
                [
                    [
                        -0.4126473501032164
                    ],
                    [
                        0.07627463798647267
                    ],
                    [
                        -3.086947946708476
                    ]
                ],
                [
                    [
                        0.4410594356218829
                    ],
                    [
                        -0.10988891788948763
                    ],
                    [
                        -2.958616598924105
                    ]
                ],
                [
                    [
                        -0.42504932848874133
                    ],
                    [
                        0.6437244150003676
                    ],
                    [
                        2.9215999021996337
                    ]
                ],
                [
                    [
                        0.12697352137795534
                    ],
                    [
                        0.9205500959227944
                    ],
                    [
                        2.9493682804809054
                    ]
                ],
                [
                    [
                        -0.37487261936418376
                    ],
                    [
                        -0.7080922917593189
                    ],
                    [
                        -2.2232131012306953
                    ]
                ],
                [
                    [
                        -0.22820348789318684
                    ],
                    [
                        -0.5948863812098325
                    ],
                    [
                        -1.9584442028972981
                    ]
                ],
                [
                    [
                        -0.2644096013024059
                    ],
                    [
                        -0.4937758609665328
                    ],
                    [
                        -1.6727587672190898
                    ]
                ],
                [
                    [
                        -0.07843790159225482
                    ],
                    [
                        0.38707053758784654
                    ],
                    [
                        2.4693536320057268
                    ]
                ],
                [
                    [
                        -0.09471597709519017
                    ],
                    [
                        -0.4697559554280147
                    ],
                    [
                        3.0136511908707306
                    ]
                ],
                [
                    [
                        0.08447234856209539
                    ],
                    [
                        0.3688244906085064
                    ],
                    [
                        2.971383200221289
                    ]
                ],
                [
                    [
                        -0.160862350648588
                    ],
                    [
                        -0.39348025440141793
                    ],
                    [
                        -2.8710298990410323
                    ]
                ],
                [
                    [
                        -0.23560645997811452
                    ],
                    [
                        -0.6276651539980785
                    ],
                    [
                        -2.9655445266828195
                    ]
                ],
                [
                    [
                        -0.2656923181874064
                    ],
                    [
                        -0.3656891482617052
                    ],
                    [
                        -3.02196807111152
                    ]
                ],
                [
                    [
                        -0.23462086113180194
                    ],
                    [
                        -0.4015527069205851
                    ],
                    [
                        -2.6997322051803816
                    ]
                ],
                [
                    [
                        0.15293932644564795
                    ],
                    [
                        0.41469478757734546
                    ],
                    [
                        2.9840740020604604
                    ]
                ],
                [
                    [
                        0.07576829322216326
                    ],
                    [
                        0.37723567864694274
                    ],
                    [
